INSERT INTO book (id, title, author, isbn, pages_qty, available, publication_date) VALUES
('B001', 'To Kill a Mockingbird', 'Harper Lee', '9780446310789', 281, true, '1960-07-11'),
('B002', '1984', 'George Orwell', '9780451524935', 328, true, '1949-06-08'),
('B003', 'Pride and Prejudice', 'Jane Austen', '9780141439518', 432, true, '1813-01-28'),
('B004', 'The Great Gatsby', 'F. Scott Fitzgerald', '9780743273565', 180, true, '1925-04-10'),
('B005', 'One Hundred Years of Solitude', 'Gabriel García Márquez', '9780060883287', 417, true, '1967-05-30'),
('B006', 'The Catcher in the Rye', 'J.D. Salinger', '9780316769174', 234, true, '1951-07-16'),
('B007', 'Moby-Dick', 'Herman Melville', '9780142437247', 720, true, '1851-10-18'),
('B008', 'The Lord of the Rings', 'J.R.R. Tolkien', '9780618640157', 1178, true, '1954-07-29'),
('B009', 'The Hobbit', 'J.R.R. Tolkien', '9780547928227', 366, true, '1937-09-21'),
('B010', 'Brave New World', 'Aldous Huxley', '9780060850524', 311, true, '1932-01-01'),
('B011', 'The Diary of a Young Girl', 'Anne Frank', '9780553296983', 283, true, '1947-06-25'),
('B012', 'The Little Prince', 'Antoine de Saint-Exupéry', '9780156012195', 96, true, '1943-04-06'),
('B013', 'The Alchemist', 'Paulo Coelho', '9780062315007', 208, true, '1988-01-01'),
('B014', 'Harry Potter and the Philosopher''s Stone', 'J.K. Rowling', '9780747532743', 223, true, '1997-06-26'),
('B015', 'The Da Vinci Code', 'Dan Brown', '9780307474278', 454, true, '2003-03-18'),
('B016', 'The Hunger Games', 'Suzanne Collins', '9780439023481', 374, true, '2008-09-14'),
('B017', 'The Girl with the Dragon Tattoo', 'Stieg Larsson', '9780307454546', 672, true, '2005-08-01'),
('B018', 'The Fault in Our Stars', 'John Green', '9780525478812', 313, true, '2012-01-10'),
('B019', 'The Kite Runner', 'Khaled Hosseini', '9781594631931', 371, true, '2003-05-29'),
('B020', 'The Help', 'Kathryn Stockett', '9780425232200', 451, true, '2009-02-10'),
('B021', 'The Martian', 'Andy Weir', '9780553418026', 369, true, '2011-09-27'),
('B022', 'Gone Girl', 'Gillian Flynn', '9780307588371', 422, true, '2012-06-05'),
('B023', 'The Giver', 'Lois Lowry', '9780544336261', 240, true, '1993-04-26'),
('B024', 'The Maze Runner', 'James Dashner', '9780385737951', 375, true, '2009-10-06'),
('B025', 'The Hitchhiker''s Guide to the Galaxy', 'Douglas Adams', '9780345391803', 216, true, '1979-10-12'),
('B026', 'The Shining', 'Stephen King', '9780307743657', 447, true, '1977-01-28'),
('B027', 'The Handmaid''s Tale', 'Margaret Atwood', '9780385490818', 311, true, '1985-06-14'),
('B028', 'The Perks of Being a Wallflower', 'Stephen Chbosky', '9781451696196', 213, true, '1999-02-01'),
('B029', 'The Book Thief', 'Markus Zusak', '9780375842207', 552, true, '2005-09-01'),
('B030', 'The Curious Incident of the Dog in the Night-Time', 'Mark Haddon', '9781400032716', 226, true, '2003-07-31'),
('B031', 'The Road', 'Cormac McCarthy', '9780307387899', 287, true, '2006-09-26'),
('B032', 'The Lovely Bones', 'Alice Sebold', '9780316168816', 328, true, '2002-07-03'),
('B033', 'The Pillars of the Earth', 'Ken Follett', '9780451166890', 973, true, '1989-08-01'),
('B034', 'The Graveyard Book', 'Neil Gaiman', '9780060530921', 312, true, '2008-09-30'),
('B035', 'The Guernsey Literary and Potato Peel Pie Society', 'Mary Ann Shaffer', '9780385341004', 290, true, '2008-07-29'),
('B036', 'The Immortal Life of Henrietta Lacks', 'Rebecca Skloot', '9781400052189', 381, true, '2010-02-02'),
('B037', 'The Nightingale', 'Kristin Hannah', '9780312577223', 440, true, '2015-02-03'),
('B038', 'The Goldfinch', 'Donna Tartt', '9780316055437', 771, true, '2013-10-22'),
('B039', 'The Rosie Project', 'Graeme Simsion', '9781476729091', 295, true, '2013-10-01'),
('B040', 'The Martian Chronicles', 'Ray Bradbury', '9781451678192', 256, true, '1950-05-01'),
('B041', 'The Unbearable Lightness of Being', 'Milan Kundera', '9780060932138', 314, true, '1984-04-01'),
('B042', 'The Name of the Wind', 'Patrick Rothfuss', '9780756404741', 662, true, '2007-03-27'),
('B043', 'The Poisonwood Bible', 'Barbara Kingsolver', '9780060786502', 546, true, '1998-10-07'),
('B044', 'The Thirteenth Tale', 'Diane Setterfield', '9780743298032', 406, true, '2006-09-12'),
('B045', 'The Night Circus', 'Erin Morgenstern', '9780385534635', 387, true, '2011-09-13'),
('B046', 'The Shadow of the Wind', 'Carlos Ruiz Zafón', '9780143034902', 487, true, '2001-05-01'),
('B047', 'The Sweetness at the Bottom of the Pie', 'Alan Bradley', '9780385343497', 374, true, '2009-04-28'),
('B048', 'The Invention of Wings', 'Sue Monk Kidd', '9780670024780', 373, true, '2014-01-07'),
('B049', 'The Golem and the Jinni', 'Helene Wecker', '9780062110831', 486, true, '2013-04-23'),
('B050', 'The Orphan Master''s Son', 'Adam Johnson', '9780812982626', 456, true, '2012-01-10'),
('B051', 'The Signature of All Things', 'Elizabeth Gilbert', '9780670024858', 501, true, '2013-10-01'),
('B052', 'The Bone Clocks', 'David Mitchell', '9781400065677', 624, true, '2014-09-02'),
('B053', 'The Miniaturist', 'Jessie Burton', '9780062306845', 400, true, '2014-08-26'),
('B054', 'The Storied Life of A.J. Fikry', 'Gabrielle Zevin', '9781616203214', 260, true, '2014-04-01'),
('B055', 'The Buried Giant', 'Kazuo Ishiguro', '9780307271037', 317, true, '2015-03-03'),
('B056', 'The Vegetarian', 'Han Kang', '9780553448184', 188, true, '2007-10-30'),
('B057', 'The Underground Railroad', 'Colson Whitehead', '9780385542364', 306, true, '2016-08-02'),
('B058', 'The Nix', 'Nathan Hill', '9781101946619', 620, true, '2016-08-30'),
('B059', 'The Bear and the Nightingale', 'Katherine Arden', '9781101885932', 322, true, '2017-01-10'),
('B060', 'The Power', 'Naomi Alderman', '9780316547611', 386, true, '2016-10-27'),
('B061', 'The Hate U Give', 'Angie Thomas', '9780062498533', 444, true, '2017-02-28'),
('B062', 'The Seven Husbands of Evelyn Hugo', 'Taylor Jenkins Reid', '9781501139239', 400, true, '2017-06-13'),
('B063', 'The Overstory', 'Richard Powers', '9780393635522', 502, true, '2018-04-03'),
('B064', 'The Tattooist of Auschwitz', 'Heather Morris', '9780062797155', 262, true, '2018-01-27'),
('B065', 'The Silent Patient', 'Alex Michaelides', '9781250301697', 323, true, '2019-02-05'),
('B066', 'The Nickel Boys', 'Colson Whitehead', '9780385537070', 213, true, '2019-07-16'),
('B067', 'The Testaments', 'Margaret Atwood', '9780385543781', 419, true, '2019-09-10'),
('B068', 'The Vanishing Half', 'Brit Bennett', '9780525536291', 343, true, '2020-06-02'),
('B069', 'The Midnight Library', 'Matt Haig', '9780525559474', 288, true, '2020-08-13'),
('B070', 'The Four Winds', 'Kristin Hannah', '9781250178602', 464, true, '2021-02-02'),
('B071', 'The Invisible Life of Addie LaRue', 'V.E. Schwab', '9780765387561', 448, true, '2020-10-06'),
('B072', 'The Searcher', 'Tana French', '9780735224650', 464, true, '2020-10-06'),
('B073', 'The Guest List', 'Lucy Foley', '9780062868930', 320, true, '2020-06-02'),
('B074', 'The House in the Cerulean Sea', 'TJ Klune', '9781250217318', 396, true, '2020-03-17'),
('B075', 'The Midnight Rose', 'Lucinda Riley', '9781476703572', 496, true, '2014-03-18'),
('B076', 'The Starless Sea', 'Erin Morgenstern', '9780385541213', 498, true, '2019-11-05'),
('B077', 'The Dutch House', 'Ann Patchett', '9780062963673', 352, true, '2019-09-24'),
('B078', 'The Giver of Stars', 'Jojo Moyes', '9780399562488', 400, true, '2019-10-08'),
('B079', 'The Institute', 'Stephen King', '9781982110567', 576, true, '2019-09-10'),
('B080', 'The Water Dancer', 'Ta-Nehisi Coates', '9780399590597', 416, true, '2019-09-24'),
('B081', 'The Song of Achilles', 'Madeline Miller', '9780062060624', 378, true, '2012-03-06'),
('B082', 'The Inheritance of Loss', 'Kiran Desai', '9780802142818', 357, true, '2006-08-29'),
('B083', 'The Sympathizer', 'Viet Thanh Nguyen', '9780802123459', 384, true, '2015-04-07'),
('B084', 'The Underground Railroad', 'Colson Whitehead', '9780385542364', 306, true, '2016-08-02'),
('B085', 'The Sellout', 'Paul Beatty', '9780374260507', 289, true, '2015-03-03'),
('B086', 'The Luminaries', 'Eleanor Catton', '9780316074315', 848, true, '2013-10-15'),
('B087', 'The Narrow Road to the Deep North', 'Richard Flanagan', '9780804171472', 334, true, '2014-08-12'),
('B088', 'The Vegetarian', 'Han Kang', '9780553448184', 188, true, '2016-02-02'),
('B089', 'The Buried Giant', 'Kazuo Ishiguro', '9780307271037', 317, true, '2015-03-03'),
('B090', 'The Sellout', 'Paul Beatty', '9780374260507', 289, true, '2015-03-03'),
('B091', 'The Sympathizer', 'Viet Thanh Nguyen', '9780802123459', 384, true, '2015-04-07'),
('B092', 'The Underground Railroad', 'Colson Whitehead', '9780385542364', 306, true, '2016-08-02'),
('B093', 'The Overstory', 'Richard Powers', '9780393635522', 502, true, '2018-04-03'),
('B094', 'The Testaments', 'Margaret Atwood', '9780385543781', 419, true, '2019-09-10'),
('B095', 'The Nickel Boys', 'Colson Whitehead', '9780385537070', 213, true, '2019-07-16'),
('B096', 'The Mirror & the Light', 'Hilary Mantel', '9780805096606', 784, true, '2020-03-10'),
('B097', 'The Midnight Library', 'Matt Haig', '9780525559474', 288, true, '2020-08-13'),
('B098', 'The Vanishing Half', 'Brit Bennett', '9780525536291', 343, true, '2020-06-02'),
('B099', 'The Four Winds', 'Kristin Hannah', '9781250178602', 464, true, '2021-02-02'),
('B100', 'The Paris Apartment', 'Lucy Foley', '9780063003057', 368, true, '2022-02-22'),
('B101', 'The Maid', 'Nita Prose', '9780593356159', 304, true, '2022-01-04'),
('B102', 'The Lincoln Highway', 'Amor Towles', '9780735222359', 592, true, '2021-10-05'),
('B103', 'The Last Thing He Told Me', 'Laura Dave', '9781501171345', 320, true, '2021-05-04'),
('B104', 'The Midnight Library', 'Matt Haig', '9780525559474', 288, true, '2020-08-13'),
('B105', 'The Invisible Life of Addie LaRue', 'V.E. Schwab', '9780765387561', 448, true, '2020-10-06'),
('B106', 'The Seven Husbands of Evelyn Hugo', 'Taylor Jenkins Reid', '9781501139239', 400, true, '2017-06-13'),
('B107', 'The Silent Patient', 'Alex Michaelides', '9781250301697', 323, true, '2019-02-05'),
('B108', 'The Thursday Murder Club', 'Richard Osman', '9781984880963', 368, true, '2020-09-03'),
('B109', 'The Guest List', 'Lucy Foley', '9780062868930', 320, true, '2020-06-02'),
('B110', 'The Midnight Rose', 'Lucinda Riley', '9781476703572', 496, true, '2014-03-18'),
('B111', 'The Starless Sea', 'Erin Morgenstern', '9780385541213', 498, true, '2019-11-05'),
('B112', 'The Dutch House', 'Ann Patchett', '9780062963673', 352, true, '2019-09-24'),
('B113', 'The Giver of Stars', 'Jojo Moyes', '9780399562488', 400, true, '2019-10-08'),
('B114', 'The Institute', 'Stephen King', '9781982110567', 576, true, '2019-09-10'),
('B115', 'The Water Dancer', 'Ta-Nehisi Coates', '9780399590597', 416, true, '2019-09-24'),
('B116', 'The Song of Achilles', 'Madeline Miller', '9780062060624', 378, true, '2012-03-06'),
('B117', 'The Inheritance of Loss', 'Kiran Desai', '9780802142818', 357, true, '2006-08-29'),
('B118', 'The Sympathizer', 'Viet Thanh Nguyen', '9780802123459', 384, true, '2015-04-07'),
('B119', 'The Underground Railroad', 'Colson Whitehead', '9780385542364', 306, true, '2016-08-02'),
('B120', 'The Sellout', 'Paul Beatty', '9780374260507', 289, true, '2015-03-03'),
('B121', 'The Luminaries', 'Eleanor Catton', '9780316074315', 848, true, '2013-10-15'),
('B122', 'The Narrow Road to the Deep North', 'Richard Flanagan', '9780804171472', 334, true, '2014-08-12'),
('B123', 'The Vegetarian', 'Han Kang', '9780553448184', 188, true, '2016-02-02'),
('B124', 'The Buried Giant', 'Kazuo Ishiguro', '9780307271037', 317, true, '2015-03-03'),
('B125', 'The Sellout', 'Paul Beatty', '9780374260507', 289, true, '2015-03-03'),
('B126', 'The Sympathizer', 'Viet Thanh Nguyen', '9780802123459', 384, true, '2015-04-07'),
('B127', 'The Underground Railroad', 'Colson Whitehead', '9780385542364', 306, true, '2016-08-02'),
('B128', 'The Overstory', 'Richard Powers', '9780393635522', 502, true, '2018-04-03'),
('B129', 'The Testaments', 'Margaret Atwood', '9780385543781', 419, true, '2019-09-10'),
('B130', 'The Nickel Boys', 'Colson Whitehead', '9780385537070', 213, true, '2019-07-16'),
('B131', 'The Mirror & the Light', 'Hilary Mantel', '9780805096606', 784, true, '2020-03-10'),
('B132', 'The Midnight Library', 'Matt Haig', '9780525559474', 288, true, '2020-08-13'),
('B133', 'The Vanishing Half', 'Brit Bennett', '9780525536291', 343, true, '2020-06-02'),
('B134', 'The Four Winds', 'Kristin Hannah', '9781250178602', 464, true, '2021-02-02'),
('B135', 'The Paris Apartment', 'Lucy Foley', '9780063003057', 368, true, '2022-02-22'),
('B136', 'The Maid', 'Nita Prose', '9780593356159', 304, true, '2022-01-04'),
('B137', 'The Lincoln Highway', 'Amor Towles', '9780735222359', 592, true, '2021-10-05'),
('B138', 'The Last Thing He Told Me', 'Laura Dave', '9781501171345', 320, true, '2021-05-04'),
('B139', 'The Midnight Library', 'Matt Haig', '9780525559474', 288, true, '2020-08-13'),
('B140', 'The Invisible Life of Addie LaRue', 'V.E. Schwab', '9780765387561', 448, true, '2020-10-06'),
('B141', 'The Seven Husbands of Evelyn Hugo', 'Taylor Jenkins Reid', '9781501139239', 400, true, '2017-06-13'),
('B142', 'The Silent Patient', 'Alex Michaelides', '9781250301697', 323, true, '2019-02-05'),
('B143', 'The Thursday Murder Club', 'Richard Osman', '9781984880963', 368, true, '2020-09-03'),
('B144', 'The Guest List', 'Lucy Foley', '9780062868930', 320, true, '2020-06-02'),
('B145', 'The Midnight Rose', 'Lucinda Riley', '9781476703572', 496, true, '2014-03-18'),
('B146', 'The Starless Sea', 'Erin Morgenstern', '9780385541213', 498, true, '2019-11-05'),
('B147', 'The Dutch House', 'Ann Patchett', '9780062963673', 352, true, '2019-09-24'),
('B148', 'The Giver of Stars', 'Jojo Moyes', '9780399562488', 400, true, '2019-10-08'),
('B149', 'The Institute', 'Stephen King', '9781982110567', 576, true, '2019-09-10'),
('B150', 'The Water Dancer', 'Ta-Nehisi Coates', '9780399590597', 416, true, '2019-09-24'),
('B151', 'The Boyfriend', 'Freida McFadden', '9781638931829', 352, true, '2025-03-05'),
('B152', 'Counting Miracles', 'Nicholas Sparks', '9780593449554', 384, true, '2025-03-11'),
('B153', 'When the Moon Hatched', 'Sarah A. Parker', '9781250317452', 416, true, '2025-03-18'),
('B154', 'Intermezzo', 'Sally Rooney', '9780374607517', 288, true, '2025-03-11'),
('B155', 'Beach Read', 'Emily Henry', '9781984806734', 384, true, '2020-05-19'),
('B156', 'The Women', 'Kristin Hannah', '9781250178602', 480, true, '2024-02-06'),
('B157', 'Nothing Like the Movies', 'Lynn Painter', '9781534467682', 368, true, '2025-03-18'),
('B158', 'Heir', 'Sabaa Tahir', '9780593496831', 512, true, '2025-03-18'),
('B159', 'The Thirteenth Child', 'Erin A. Craig', '9780593306710', 464, true, '2025-03-04'),
('B160', 'Immortal Dark', 'Tigest Girma', '9780593528150', 400, true, '2025-02-18'),
('B161', 'The Glass Girl', 'Kathleen Glasgow', '9780593110799', 384, true, '2025-03-18'),
('B162', 'Tilt', 'Emma Pattee', '9781982199784', 336, true, '2025-03-04'),
('B163', 'Dream Count', 'Chimamanda Ngozi Adichie', '9780008631062', 400, true, '2025-04-01'),
('B164', 'Fundamentally', 'Nussaibah Younis', '9781474619486', 352, true, '2025-04-08'),
('B165', 'Onyx Storm', 'Rebecca Yarros', '9781649374189', 704, true, '2025-01-21'),
('B166', 'Sunrise on the Reaping', 'Suzanne Collins', '9781338635171', 528, true, '2025-05-06'),
('B167', 'Deep End', 'Ali Hazelwood', '9780593550441', 384, true, '2025-02-04'),
('B168', 'Scythe & Sparrow', 'Brynne Weaver', '9781638931812', 400, true, '2025-02-11'),
('B169', 'The Let Them Theory', 'Mel Robbins', '9781401971366', 256, true, '2024-12-24'),
('B170', 'Inner Excellence', 'Jim Murphy', '9781734654806', 320, true, '2020-05-01'),
('B171', 'Be Ready When the Luck Happens', 'Ina Garten', '9780593534861', 288, true, '2025-03-18'),
('B172', 'Revenge of the Tipping Point', 'Malcolm Gladwell', '9780316534000', 384, true, '2025-03-18'),
('B173', 'The Message', 'Ta-Nehisi Coates', '9780399590597', 352, true, '2025-03-18'),
('B174', 'Black Saturday', 'Trey Yingst', '9780063276741', 320, true, '2025-03-18'),
('B175', 'Confronting the Presidents', 'Bill O''Reilly', '9781250279255', 304, true, '2025-02-25'),
('B176', 'The Backyard Bird Chronicles', 'Amy Tan', '9780593311257', 368, true, '2024-11-12'),
('B177', 'Lies He Told Me', 'James Patterson', '9780316404693', 400, true, '2025-03-25'),
('B178', 'Playworld', 'Adam Ross', '9780374230197', 352, true, '2025-01-07'),
('B179', 'Mothers and Sons', 'Adam Haslett', '9780316458986', 336, true, '2025-01-14'),
('B180', 'Vantage Point', 'Sarah Sligar', '9780593311301', 368, true, '2025-01-21'),
('B181', 'Homeseeking', 'Karissa Chen', '9780593311318', 320, true, '2025-01-28'),
('B182', 'The Crash', 'Freida McFadden', '9781464227325', 336, true, '2025-01-28'),
('B183', 'Atomic Habits', 'James Clear', '9780735211292', 320, true, '2018-10-16'),
('B184', 'The Housemaid', 'Freida McFadden', '9781538742570', 336, true, '2022-08-23'),
('B185', 'Fourth Wing', 'Rebecca Yarros', '9781649374042', 512, true, '2023-05-02'),
('B186', 'Iron Flame', 'Rebecca Yarros', '9781649374172', 640, true, '2023-11-07'),
('B187', 'Dog Man: Big Jim Begins', 'Dav Pilkey', '9781338896459', 224, true, '2024-12-03'),
('B188', 'Demon Copperhead', 'Barbara Kingsolver', '9780063251922', 560, true, '2022-10-18'),
('B189', 'Hillbilly Elegy', 'J.D. Vance', '9780062300546', 288, true, '2016-06-28'),
('B190', 'The Body Keeps the Score', 'Bessel van der Kolk', '9780143127741', 464, true, '2014-09-25'),
('B191', 'The Truths We Hold', 'Kamala Harris', '9780525560739', 336, true, '2019-01-08'),
('B192', 'All About Love', 'bell hooks', '9780060959470', 272, true, '2001-01-09'),
('B193', 'Lessons in Chemistry', 'Bonnie Garmus', '9780385547345', 400, true, '2022-04-05'),
('B194', 'Spare', 'Prince Harry', '9780593593806', 416, true, '2023-01-10'),
('B195', 'I''m Glad My Mom Died', 'Jennette McCurdy', '9781982185824', 320, true, '2022-08-09'),
('B196', 'It Starts with Us', 'Colleen Hoover', '9781668001225', 336, true, '2022-10-18'),
('B197', 'The Silent Patient', 'Alex Michaelides', '9781250301697', 336, true, '2019-02-05'),
('B198', 'The Thursday Murder Club', 'Richard Osman', '9781984880963', 368, true, '2020-09-03'),
('B199', 'The Guest List', 'Lucy Foley', '9780062868930', 320, true, '2020-06-02'),
('B200', 'The Midnight Rose', 'Lucinda Riley', '9781476703572', 496, true, '2014-03-18');
INSERT INTO user_app (id, user_app_name, email, password, age, address, archived, dob) VALUES
('U001', 'John Doe', 'john.doe@example.com', 'password123', 30, '123 Main St, Anytown, USA', false, '1995-05-15'),
('U002', 'Jane Smith', 'jane.smith@example.com', 'securepass456', 28, '456 Elm St, Somewhere, USA', false, '1997-08-22'),
('U003', 'Mike Johnson', 'mike.johnson@example.com', 'mikepass789', 35, '789 Oak Ave, Nowhere, USA', false, '1990-03-10'),
('U004', 'Emily Brown', 'emily.brown@example.com', 'emilyb2023', 26, '101 Pine Rd, Elsewhere, USA', false, '1999-11-30'),
('U005', 'David Lee', 'david.lee@example.com', 'leepass321', 40, '202 Cedar Ln, Anyplace, USA', false, '1985-07-18'),
('U006', 'Sarah Wilson', 'sarah.wilson@example.com', 'wilsonpass654', 32, '303 Birch Dr, Somewhere, USA', false, '1993-01-25'),
('U007', 'Tom Anderson', 'tom.anderson@example.com', 'andersonpass987', 45, '404 Maple Ave, Anywhere, USA', false, '1980-09-05'),
('U008', 'Lisa Taylor', 'lisa.taylor@example.com', 'taylorpass246', 29, '505 Spruce St, Someplace, USA', false, '1996-04-12'),
('U009', 'Chris Martin', 'chris.martin@example.com', 'martinpass135', 38, '606 Fir Ln, Otherplace, USA', false, '1987-12-08'),
('U010', 'Amanda Clark', 'amanda.clark@example.com', 'clarkpass579', 33, '707 Ash Rd, Thisplace, USA', false, '1992-06-20'),
('U011', 'Robert White', 'robert.white@example.com', 'whitepass864', 42, '808 Walnut St, Thatplace, USA', false, '1983-02-14'),
('U012', 'Jennifer Green', 'jennifer.green@example.com', 'greenpass753', 31, '909 Chestnut Ave, Hereplace, USA', false, '1994-10-07'),
('U013', 'Daniel Brown', 'daniel.brown@example.com', 'brownpass951', 36, '111 Sycamore Ln, Thereplace, USA', false, '1989-08-29'),
('U014', 'Michelle Lee', 'michelle.lee@example.com', 'leepass357', 27, '222 Poplar Rd, Whereplace, USA', false, '1998-03-17'),
('U015', 'Kevin Davis', 'kevin.davis@example.com', 'davispass159', 39, '333 Willow Dr, Howplace, USA', false, '1986-11-23'),
('U016', 'Laura Wilson', 'laura.wilson@example.com', 'wilsonpass852', 34, '444 Beech St, Whyplace, USA', false, '1991-05-09'),
('U017', 'Mark Thompson', 'mark.thompson@example.com', 'thompsonpass753', 41, '555 Hickory Ave, Whenplace, USA', false, '1984-01-31'),
('U018', 'Sophia Rodriguez', 'sophia.rodriguez@example.com', 'rodriguezpass951', 25, '666 Elm Ln, Whoplace, USA', false, '2000-09-14'),
('U019', 'William Chen', 'william.chen@example.com', 'chenpass357', 37, '777 Oak Rd, Whatplace, USA', false, '1988-07-26'),
('U020', 'Olivia Kim', 'olivia.kim@example.com', 'kimpass159', 30, '888 Pine Dr, Whichplace, USA', false, '1995-12-03');
INSERT INTO borrow (id, borrow_date, return_date, returned, points, user_id, book_id) VALUES
('BR001', '2025-02-15', '2025-03-15', true, 10, 'U001', 'B001'),
('BR002', '2025-02-16', '2025-03-16', false, 5, 'U002', 'B002'),
('BR003', '2025-02-17', '2025-03-17', true, 15, 'U003', 'B003'),
('BR004', '2025-02-18', '2025-03-18', false, 8, 'U004', 'B004'),
('BR005', '2025-02-19', '2025-03-19', true, 12, 'U005', 'B005'),
('BR006', '2025-02-20', '2025-03-20', false, 6, 'U006', 'B006'),
('BR007', '2025-02-21', '2025-03-21', true, 20, 'U007', 'B007'),
('BR008', '2025-02-22', '2025-03-22', false, 7, 'U008', 'B008'),
('BR009', '2025-02-23', '2025-03-23', true, 18, 'U009', 'B009'),
('BR010', '2025-02-24', '2025-03-24', false, 9, 'U010', 'B010'),
('BR011', '2025-02-25', '2025-03-25', true, 14, 'U011', 'B011'),
('BR012', '2025-02-26', '2025-03-26', false, 11, 'U012', 'B012'),
('BR013', '2025-02-27', '2025-03-27', true, 16, 'U013', 'B013'),
('BR014', '2025-02-28', '2025-03-28', false, 8, 'U014', 'B014'),
('BR015', '2025-03-01', '2025-03-31', true, 13, 'U015', 'B015'),
('BR016', '2025-03-02', '2025-04-01', false, 7, 'U016', 'B016'),
('BR017', '2025-03-03', '2025-04-02', true, 19, 'U017', 'B017'),
('BR018', '2025-03-04', '2025-04-03', false, 10, 'U018', 'B018'),
('BR019', '2025-03-05', '2025-04-04', true, 17, 'U019', 'B019'),
('BR020', '2025-03-06', '2025-04-05', false, 9, 'U020', 'B020'),
('BR021', '2025-03-07', '2025-04-06', false, 8, 'U001', 'B005'),
('BR022', '2025-03-08', '2025-04-07', true, 12, 'U001', 'B009'),
('BR023', '2025-03-09', '2025-04-08', false, 7, 'U001', 'B013'),
('BR024', '2025-03-10', '2025-04-09', true, 15, 'U001', 'B017'),
('BR025', '2025-03-11', '2025-04-10', false, 9, 'U002', 'B006'),
('BR026', '2025-03-12', '2025-04-11', true, 11, 'U002', 'B010'),
('BR027', '2025-03-13', '2025-04-12', false, 6, 'U002', 'B014'),
('BR028', '2025-03-14', '2025-04-13', true, 14, 'U002', 'B018'),
('BR029', '2025-03-15', '2025-04-14', false, 10, 'U003', 'B007'),
('BR030', '2025-03-16', '2025-04-15', true, 13, 'U003', 'B011'),
('BR031', '2025-03-17', '2025-04-16', false, 8, 'U003', 'B015'),
('BR032', '2025-03-18', '2025-04-17', true, 16, 'U003', 'B019'),
('BR033', '2025-03-19', '2025-04-18', false, 7, 'U004', 'B008'),
('BR034', '2025-03-20', '2025-04-19', true, 12, 'U004', 'B012'),
('BR035', '2025-03-21', '2025-04-20', false, 9, 'U004', 'B016'),
('BR036', '2025-03-22', '2025-04-21', true, 15, 'U004', 'B020');





